{"cameraMode":{"drawMode":0,"name":"Shaded","section":"Shading Mode"},"sceneLighting":false,"audioPlay":false,"sceneViewState":{"m_AlwaysRefresh":false,"showFog":true,"showSkybox":false,"showFlares":true,"showImageEffects":true,"showParticleSystems":true,"showVisualEffectGraphs":true,"m_FxEnabled":true},"in2DMode":false,"pivot":{"x":-0.3700000047683716,"y":-0.26999998092651369,"z":-2.181999921798706},"rotation":{"x":0.20323073863983155,"y":-0.08798804879188538,"z":0.01833977736532688,"w":0.9749954342842102},"size":6.854822158813477,"orthographic":false}