{"cameraMode":{"drawMode":0,"name":"Shaded","section":"Shading Mode"},"sceneLighting":true,"audioPlay":false,"sceneViewState":{"m_AlwaysRefresh":false,"showFog":true,"showSkybox":true,"showFlares":true,"showImageEffects":true,"showParticleSystems":true,"showVisualEffectGraphs":true,"m_FxEnabled":true},"in2DMode":false,"pivot":{"x":703.8541259765625,"y":387.83233642578127,"z":-606.9014282226563},"rotation":{"x":0.0904063880443573,"y":-0.14438101649284364,"z":0.013245603069663048,"w":0.9852863550186157},"size":12.12435531616211,"orthographic":false}